<?xml version="1.0" encoding="UTF-8"?>
<addon id="repository.kodi-czsk"
  version="1.0.0"
  name="Top9 addons kodi"
  provider-name="Top9">
  <extension point="xbmc.addon.repository"
    name="Top9 - repozitář doplňků">
    <info compressed="false">https://github.com/top9/repository/addons.xml</info>
    <checksum></checksum>
    <datadir zip="true">https://github.com/top9/repository/</datadir>
  </extension>
  <extension point="xbmc.addon.metadata">
    <summary>Top9 repository Kodi</summary>
    <description>
      This repository contains mostly video addons for czech users.
    </description>
    <description lang="cs">
      Tento repozitář obsahuje video doplňky pro česky a slovensky mluvící uživatele.
    </description>
    <platform>all</platform>
    <language>cs sk</language>
  </extension>
</addon>
