<genres>
  <name>TV GO Playlist</name>
  <genre genreId="0x10">Filmy</genre>
  <genre genreId="0x20">Zpravodajský</genre>
  <genre genreId="0x20">Spravodajstvo</genre>
  <genre genreId="0x23">Dokumenty</genre>
  <genre genreId="0x30">Seriály</genre>
  <genre genreId="0x40">Sport</genre>
  <genre genreId="0x40">Šport</genre>
  <genre genreId="0x50">Pre deti</genre>
  <genre genreId="0x50">Dětské</genre>
  <genre genreId="0x60">Hudební</genre>
  <genre genreId="0x60">Hudba</genre>
  <genre genreId="0x73">Náboženské</genre>
  <genre genreId="0x73">Náboženstvo</genre>
  <genre genreId="0x90">Vzdělávací</genre>
  <genre genreId="0x90">Vzdelávacie</genre>
  <genre genreId="0x96">Oceňované</genre>
  <genre genreId="0x96">Udalosti</genre>
  <genre genreId="0xA0">Lifestyle</genre>
  <genre genreId="0xA0">Volný čas</genre>
  <genre genreId="0xA0">Voľný čas</genre>
  <genre genreId="0xA7">Dům a zahrada</genre>
  <genre genreId="0xA7">Domácnosť a záhrada</genre>
   <genre genreId="0xA5">Vaření</genre>
   <genre genreId="0xA5">Varenie</genre>
  <genre genreId="0xB0">Vše</genre>
  <genre genreId="0xB0">Všetky</genre>
  <genre genreId="0xB0">Jiné</genre>
  <genre genreId="0xB0">Iné</genre>
  <genre genreId="0xB3">Neznámé</genre>
  <genre genreId="0xB3">Neznáme</genre>
</genres>
